{"gridB": {"2019_300": {"cover": 0.905643898325503, "stab": 0.31757833806091207, "acc": 0.6719973497169017, "confwrong": 0.009757860498735092}, "2019_600": {"cover": 0.9085351162510541, "stab": 0.27692731321083697, "acc": 0.7148235152391278, "confwrong": 0.019485604144079027}, "2019_1200": {"cover": 0.9243163474280207, "stab": 0.22636388384592046, "acc": 0.7575593302011806, "confwrong": 0.029032646669076012}, "2019_2400": {"cover": 0.9378689314540417, "stab": 0.16897402114132476, "acc": 0.8106553427297915, "confwrong": 0.026111311890133715}, "2019_4000": {"cover": 0.9552463558607397, "stab": 0.11695434641954024, "acc": 0.8492049150704735, "confwrong": 0.01882303336947356}, "2020_300": {"cover": 0.8880129179331308, "stab": 0.31757833806091207, "acc": 0.6348150962512665, "confwrong": 0.012031408308004051}, "2020_600": {"cover": 0.883960233029382, "stab": 0.27692731321083697, "acc": 0.6612525329280649, "confwrong": 0.027197315096251267}, "2020_1200": {"cover": 0.8935220364741641, "stab": 0.22636388384592046, "acc": 0.6790780141843972, "confwrong": 0.04093844984802431}, "2020_2400": {"cover": 0.8765514184397163, "stab": 0.16897402114132476, "acc": 0.695637031408308, "confwrong": 0.05816236068895644}, "2020_4000": {"cover": 0.8726253799392097, "stab": 0.11695434641954024, "acc": 0.7080800405268491, "confwrong": 0.06329154002026342}, "2021_300": {"cover": 0.8819875776397516, "stab": 0.31757833806091207, "acc": 0.6090295865891938, "confwrong": 0.01245575368997529}, "2021_600": {"cover": 0.8740065451145395, "stab": 0.27692731321083697, "acc": 0.626594536832966, "confwrong": 0.02965337607693849}, "2021_1200": {"cover": 0.8810525612769652, "stab": 0.22636388384592046, "acc": 0.6532425031723769, "confwrong": 0.04842049021572164}, "2021_2400": {"cover": 0.8624524143458224, "stab": 0.16897402114132476, "acc": 0.663227142189274, "confwrong": 0.06348093234488747}, "2021_4000": {"cover": 0.8614840045415081, "stab": 0.11695434641954024, "acc": 0.678688305616777, "confwrong": 0.07279770253122288}, "2022_300": {"cover": 0.8808052891128814, "stab": 0.31757833806091207, "acc": 0.5996314962336746, "confwrong": 0.01186798894488701}, "2022_600": {"cover": 0.8672573565273941, "stab": 0.27692731321083697, "acc": 0.6216333387525064, "confwrong": 0.02929063024982388}, "2022_1200": {"cover": 0.875629978865225, "stab": 0.22636388384592046, "acc": 0.6407630195632147, "confwrong": 0.04915189942014849}, "2022_2400": {"cover": 0.8615943207066602, "stab": 0.16897402114132476, "acc": 0.6574811683737062, "confwrong": 0.06573456890478514}, "2022_4000": {"cover": 0.8588305424592207, "stab": 0.11695434641954024, "acc": 0.6686446648241477, "confwrong": 0.07600390180458462}, "2023_300": {"cover": 0.8669540229885057, "stab": 0.31757833806091207, "acc": 0.5766044061302682, "confwrong": 0.01352969348659004}, "2023_600": {"cover": 0.8580938697318007, "stab": 0.27692731321083697, "acc": 0.6099616858237548, "confwrong": 0.034267241379310344}, "2023_1200": {"cover": 0.8674808429118773, "stab": 0.22636388384592046, "acc": 0.6287595785440613, "confwrong": 0.05622605363984675}, "2023_2400": {"cover": 0.8523706896551725, "stab": 0.16897402114132476, "acc": 0.6482998084291188, "confwrong": 0.07485632183908046}, "2023_4000": {"cover": 0.839822796934866, "stab": 0.11695434641954024, "acc": 0.6586925287356322, "confwrong": 0.08888888888888889}}}