{
  "backbone": "distilbert-base-multilingual-cased",
  "datasets": {
    "ag_news": {
      "0__200": {
        "cover": 0.8656666666666667,
        "S": 0.3741312496003493,
        "acc": 0.8806666666666666
      },
      "0__500": {
        "cover": 0.871,
        "S": 0.36904787445143866,
        "acc": 0.887
      },
      "0__1500": {
        "cover": 0.838,
        "S": 0.29958567527351204,
        "acc": 0.8916666666666666
      },
      "1__200": {
        "cover": 0.7713333333333333,
        "S": 0.37636887874098174,
        "acc": 0.7879999999999999
      },
      "1__500": {
        "cover": 0.7879999999999999,
        "S": 0.34193310611696986,
        "acc": 0.823
      },
      "1__1500": {
        "cover": 0.795,
        "S": 0.2848422457254902,
        "acc": 0.856
      },
      "2__200": {
        "cover": 0.5963333333333333,
        "S": 0.3641916326452826,
        "acc": 0.6476666666666667
      },
      "2__500": {
        "cover": 0.809,
        "S": 0.35172979233631024,
        "acc": 0.8220000000000001
      },
      "2__1500": {
        "cover": 0.7939999999999999,
        "S": 0.30112515367036957,
        "acc": 0.851
      },
      "3__200": {
        "cover": 0.19099999999999998,
        "S": 0.3622836848336472,
        "acc": 0.25233333333333335
      },
      "3__500": {
        "cover": 0.7160000000000001,
        "S": 0.36518259311804707,
        "acc": 0.8016666666666667
      },
      "3__1500": {
        "cover": 0.879,
        "S": 0.30512323898782356,
        "acc": 0.9223333333333333
      }
    },
    "tweet_eval_sentiment": {
      "0__200": {
        "cover": 0.91,
        "S": 0.3610969742333472,
        "acc": 0.627
      },
      "0__500": {
        "cover": 0.8716666666666667,
        "S": 0.3541295561589824,
        "acc": 0.6246666666666667
      },
      "0__1500": {
        "cover": 0.8436666666666667,
        "S": 0.29381612045744865,
        "acc": 0.6316666666666667
      },
      "1__200": {
        "cover": 0.879,
        "S": 0.3553425366617617,
        "acc": 0.606
      },
      "1__500": {
        "cover": 0.8656666666666668,
        "S": 0.3433636610648347,
        "acc": 0.6273333333333334
      },
      "1__1500": {
        "cover": 0.8450000000000001,
        "S": 0.2756156188555814,
        "acc": 0.6303333333333333
      },
      "2__200": {
        "cover": 0.8833333333333333,
        "S": 0.3528330325901831,
        "acc": 0.6366666666666667
      },
      "2__500": {
        "cover": 0.8573333333333334,
        "S": 0.3481631475028005,
        "acc": 0.638
      },
      "2__1500": {
        "cover": 0.8226666666666667,
        "S": 0.27198341462246856,
        "acc": 0.6433333333333334
      },
      "3__200": {
        "cover": 0.847,
        "S": 0.3496705064043715,
        "acc": 0.62
      },
      "3__500": {
        "cover": 0.8443333333333333,
        "S": 0.33292731501641454,
        "acc": 0.6569999999999999
      },
      "3__1500": {
        "cover": 0.818,
        "S": 0.28485781662512927,
        "acc": 0.6483333333333333
      }
    },
    "amazon_polarity": {
      "0__200": {
        "cover": 0.876,
        "S": 0.3644601189550765,
        "acc": 0.718
      },
      "0__500": {
        "cover": 0.8746666666666667,
        "S": 0.36758907487069276,
        "acc": 0.7376666666666667
      },
      "0__1500": {
        "cover": 0.8396666666666667,
        "S": 0.2637994606911253,
        "acc": 0.7583333333333334
      },
      "1__200": {
        "cover": 0.9353333333333333,
        "S": 0.36049881148181456,
        "acc": 0.6389999999999999
      },
      "1__500": {
        "cover": 0.9126666666666668,
        "S": 0.35488041953552746,
        "acc": 0.665
      },
      "1__1500": {
        "cover": 0.5963333333333334,
        "S": 0.27239954165755176,
        "acc": 0.5313333333333333
      },
      "2__200": {
        "cover": 0.7306666666666667,
        "S": 0.36944035956868,
        "acc": 0.5273333333333333
      },
      "2__500": {
        "cover": 0.9199999999999999,
        "S": 0.3601366810275017,
        "acc": 0.6873333333333332
      },
      "2__1500": {
        "cover": 0.709,
        "S": 0.2670245227943997,
        "acc": 0.593
      },
      "3__200": {
        "cover": 0.9563333333333333,
        "S": 0.3719981489582805,
        "acc": 0.6563333333333333
      },
      "3__500": {
        "cover": 0.9116666666666666,
        "S": 0.3619019745002568,
        "acc": 0.6573333333333333
      },
      "3__1500": {
        "cover": 0.7563333333333334,
        "S": 0.27833607769851887,
        "acc": 0.6413333333333333
      }
    },
    "yelp_polarity": {
      "0__200": {
        "cover": 0.8623333333333333,
        "S": 0.37911126680108503,
        "acc": 0.7123333333333334
      },
      "0__500": {
        "cover": 0.8930000000000001,
        "S": 0.3588040319770521,
        "acc": 0.7413333333333334
      },
      "0__1500": {
        "cover": 0.8276666666666667,
        "S": 0.26429072304149376,
        "acc": 0.7683333333333334
      },
      "1__200": {
        "cover": 0.8206666666666665,
        "S": 0.368918617233539,
        "acc": 0.6933333333333334
      },
      "1__500": {
        "cover": 0.8693333333333334,
        "S": 0.3513118988512319,
        "acc": 0.746
      },
      "1__1500": {
        "cover": 0.8186666666666668,
        "S": 0.25796940652179723,
        "acc": 0.7520000000000001
      },
      "2__200": {
        "cover": 0.843,
        "S": 0.38598365560386316,
        "acc": 0.7016666666666667
      },
      "2__500": {
        "cover": 0.8386666666666667,
        "S": 0.35791880907181745,
        "acc": 0.7136666666666667
      },
      "2__1500": {
        "cover": 0.8206666666666665,
        "S": 0.27300851322963476,
        "acc": 0.7393333333333333
      },
      "3__200": {
        "cover": 0.831,
        "S": 0.37988278124277297,
        "acc": 0.75
      },
      "3__500": {
        "cover": 0.8336666666666667,
        "S": 0.36424889437099806,
        "acc": 0.7376666666666667
      },
      "3__1500": {
        "cover": 0.8096666666666668,
        "S": 0.25856497095220227,
        "acc": 0.7543333333333333
      }
    },
    "dbpedia_14": {
      "0__200": {
        "cover": 0.9176666666666667,
        "S": 0.3527711369456066,
        "acc": 0.923
      },
      "0__500": {
        "cover": 0.9036666666666667,
        "S": 0.3116402003146706,
        "acc": 0.9423333333333334
      },
      "0__1500": {
        "cover": 0.8963333333333333,
        "S": 0.24114203332738535,
        "acc": 0.9523333333333333
      },
      "1__200": {
        "cover": 0.8903333333333334,
        "S": 0.33021398451626965,
        "acc": 0.8946666666666667
      },
      "1__500": {
        "cover": 0.8506666666666667,
        "S": 0.31415357903485136,
        "acc": 0.8926666666666666
      },
      "1__1500": {
        "cover": 0.84,
        "S": 0.23891486468296633,
        "acc": 0.931
      },
      "2__200": {
        "cover": 0.5816666666666667,
        "S": 0.32450692549894194,
        "acc": 0.6146666666666666
      },
      "2__500": {
        "cover": 0.6103333333333333,
        "S": 0.3120728797619155,
        "acc": 0.7143333333333333
      },
      "2__1500": {
        "cover": 0.604,
        "S": 0.24368680401485524,
        "acc": 0.6873333333333335
      },
      "3__200": {
        "cover": 0.47933333333333333,
        "S": 0.3333696276082853,
        "acc": 0.5163333333333333
      },
      "3__500": {
        "cover": 0.4593333333333333,
        "S": 0.32256070920310836,
        "acc": 0.5650000000000001
      },
      "3__1500": {
        "cover": 0.4453333333333333,
        "S": 0.25520631107363084,
        "acc": 0.622
      }
    },
    "imdb": {
      "0__200": {
        "cover": 0.8796666666666667,
        "S": 0.3590412360900151,
        "acc": 0.6446666666666667
      },
      "0__500": {
        "cover": 0.8693333333333332,
        "S": 0.35860706169512396,
        "acc": 0.638
      },