{
  "A": {
    "r2_pred_only": 0.6049501648834716,
    "r2_expl_only": 0.35466718658890284,
    "r2_joint": 0.6170366335654776,
    "sp_joint": 0.08923076923076922,
    "orth_corr": -0.20053260120197888,
    "aurc": 0.17970805857271052,
    "full_err": 0.29193614408514124,
    "err50": 0.1890298812934916,
    "err70": 0.22793988655634173,
    "err90": 0.27088734252058033,
    "rc": [
      [
        0.1,
        0.11665984445354073,
        0.11665984445354073
      ],
      [
        0.15000000000000002,
        0.12063318777292577,
        0.12063318777292577
      ],
      [
        0.2,
        0.1361031518624642,
        0.1361031518624642
      ],
      [
        0.25,
        0.14507941706238742,
        0.14507941706238742
      ],
      [
        0.30000000000000004,
        0.147905580570337,
        0.147905580570337
      ],
      [
        0.35,
        0.15660818713450292,
        0.15660818713450292
      ],
      [
        0.4,
        0.1669054441260745,
        0.1669054441260745
      ],
      [
        0.45000000000000007,
        0.17774947693987084,
        0.1674702083143819
      ],
      [
        0.5,
        0.1890298812934916,
        0.1507163323782235
      ],
      [
        0.55,
        0.19648704971717773,
        0.1370199464126228
      ],
      [
        0.6,
        0.20800927820985127,
        0.1255969436485196
      ],
      [
        0.65,
        0.2178978525096039,
        0.11593929088733547
      ],
      [
        0.7000000000000001,
        0.22793988655634173,
        0.1076545231273025
      ],
      [
        0.75,
        0.23905687152057636,
        0.1004802969108176
      ],
      [
        0.8,
        0.24938600081866558,
        0.09419770773638969
      ],
      [
        0.85,
        0.2589453407175536,
        0.08865880086684325
      ],
      [
        0.9,
        0.27088734252058033,
        0.08373129576567973
      ],
      [
        0.9500000000000001,
        0.2812392278524647,
        0.0793260944501896
      ],
      [
        1.0,
        0.29193614408514124,
        0.07535816618911174
      ]
    ],
    "delta": {
      "1": 0.2973985094777237,
      "2": 0.44521564108777456,
      "3": 0.705147098822517,
      "4": 0.6243639070080265,
      "5": 0.644189732507134
    },
    "per_period": {
      "1": 0.13378282469836764,
      "2": 0.24011892270024485,
      "3": 0.2749189341604399,
      "4": 0.3094417643004824,
      "5": 0.3461736887360275
    },
    "monit": {
      "1": 0.2115228298342892,
      "2": 0.23214549754193345,
      "3": 0.24683432742441336,
      "4": 0.2418582111822419,
      "5": 0.24179578742558858
    },
    "err_r2_pred": 0.7479056565551843,
    "err_r2_expl": 0.1424715283646042,
    "err_r2_joint": 0.7546156031378126
  },
  "B": {
    "r2_pred_only": 0.6207742172442932,
    "r2_expl_only": 0.628410376953471,
    "r2_joint": 0.7276601088356394,
    "sp_joint": -0.47278323628941543,
    "orth_corr": -0.019174979711171287,
    "aurc": 0.21591014804088884,
    "full_err": 0.32423178978002226,
    "err50": 0.23410083026619874,
    "err70": 0.2687087307410125,
    "err90": 0.3074801464644063,
    "rc": [
      [
        0.1,
        0.1284246575342466,
        0.1284246575342466
      ],
      [
        0.15000000000000002,
        0.1526826484018265,
        0.1526826484018265
      ],
      [
        0.2,
        0.17055424780654826,
        0.17055424780654826
      ],
      [
        0.25,
        0.18370142098955658,
        0.18370142098955658
      ],
      [
        0.30000000000000004,
        0.19346554430018548,
        0.19346554430018548
      ],
      [
        0.35,
        0.20200538028857912,
        0.20200538028857912
      ],
      [
        0.4,
        0.21453028033383265,
        0.18788786646693773
      ],
      [
        0.45000000000000007,
        0.2252235115084649,
        0.16701540802739204
      ],
      [
        0.5,
        0.23410083026619874,
        0.15030386030985193
      ],
      [
        0.55,
        0.24426114699245194,
        0.13664306279666952
      ],
      [
        0.6,
        0.2528711035023896,
        0.12525857764462514
      ],
      [
        0.65,
        0.26074932508066107,
        0.11562520576809113
      ],
      [
        0.7000000000000001,
        0.2687087307410125,
        0.10736121301051602
      ],
      [
        0.75,
        0.2784752339648482,
        0.1002054325496462
      ],
      [
        0.8,
        0.2888936443398245,
        0.09394393323346886
      ],
      [
        0.85,
        0.2982729973314536,
        0.08841448064045114
      ],
      [
        0.9,
        0.3074801464644063,
        0.08350373294022541
      ],
      [
        0.9500000000000001,
        0.31589854484840296,
        0.07910978961120872
      ],
      [
        1.0,
        0.32423178978002226,
        0.07515193015492597
      ]
    ],
    "delta": {
      "2019": 0.29845310096878996,
      "2020": 0.26303465192299136,
      "2021": 0.3022572955971734,
      "2022": 0.3551364663643424,
      "2023": 0.4743498128192829
    },
    "per_period": {
      "2019": 0.15323455005421033,
      "2020": 0.2857142857142857,
      "2021": 0.31837307152875177,
      "2022": 0.3388066980978703,
      "2023": 0.34468390804597704
    },
    "monit": {
      "2019": 0.24094435848740073,
      "2020": 0.25530417347072826,
      "2021": 0.2632227902676663,
      "2022": 0.26774651808733946,
      "2023": 0.26769142355788267
    },
    "err_r2_pred": 0.5686713359705815,
    "err_r2_expl": 0.24642600881043986,
    "err_r2_joint": 0.671963015203739
  },
  "cellsA": [
    {
      "t": 1,
      "n": 300,
      "delta": 0.2973985094777237,
      "nonconf": 0.31933173621253924,
      "S": 0.3238917733747925,
      "cover": 0.9096433640880056,
      "confwrong": 0.013262952448545067,
      "acc": 0.7231192334989354
    },
    {
      "t": 1,
      "n": 600,
      "delta": 0.2973985094777237,
      "nonconf": 0.28425132280349286,
      "S": 0.291852428018451,
      "cover": 0.9139017033356991,
      "confwrong": 0.0234208658623137,
      "acc": 0.7578069552874378
    },
    {
      "t": 1,
      "n": 1200,
      "delta": 0.2973985094777237,
      "nonconf": 0.2556332604166106,
      "S": 0.24455631102687436,
      "cover": 0.9260113555713271,
      "confwrong": 0.02719127040454223,
      "acc": 0.7919180269694819
    },
    {
      "t": 1,
      "n": 2400,
      "delta": 0.2973985094777237,
      "nonconf": 0.22955114650505118,
      "S": 0.1839294551923856,
      "cover": 0.9358587650816181,
      "confwrong": 0.023598296664300925,
      "acc": 0.8341022001419446
    },
    {
      "t": 1,
      "n": 4000,
      "delta": 0.2973985094777237,
      "nonconf": 0.21247342932607058,
      "S": 0.12264357634103765,
      "cover": 0.9529364797728886,
      "confwrong": 0.01676721078779276,
      "acc": 0.8693222143364088
    },
    {
      "t": 2,
      "n": 300,
      "delta": 0.44521564108777456,
      "nonconf": 0.3343143114573415,
      "S": 0.3238917733747925,
      "cover": 0.9131689401888772,
      "confwrong": 0.013116474291710388,
      "acc": 0.7105194123819518
    },
    {
      "t": 2,
      "n": 600,
      "delta": 0.44521564108777456,
      "nonconf": 0.30197012043001187,
      "S": 0.291852428018451,
      "cover": 0.910283315844701,
      "confwrong": 0.022604057362714234,
      "acc": 0.7281392095138159
    },
    {
      "t": 2,
      "n": 1200,
      "delta": 0.44521564108777456,
      "nonconf": 0.2727308149479311,
      "S": 0.24455631102687436,
      "cover": 0.9101958726827561,
      "confwrong": 0.030648828261629943,
      "acc": 0.7455841203217908
    },
    {
      "t": 2,
      "n": 2400,
      "delta": 0.44521564108777456,
      "nonconf": 0.249660348864426,
      "S": 0.1839294551923856,
      "cover": 0.8972980062959076,
      "confwrong": 0.03891220706540749,
      "acc": 0.7567331234697445
    },
    {
      "t": 2,
      "n": 4000,
      "delta": 0.44521564108777456,