{
  "clean": {
    "naive": 0.3307926829268293,
    "conf": 0.3307926829268293,
    "comp": 0.3333333333333333,
    "oracle": 0.3338414634146342,
    "text": 0.3338414634146342,
    "av": 0.4314024390243903,
    "excess": {
      "text": 0.09125168496086851,
      "av": 0.0
    }
  },
  "text_out": {
    "naive": 0.510670731707317,
    "conf": 0.510670731707317,
    "comp": 0.4311483739837398,
    "oracle": 0.4314024390243903,
    "text": 0.5129573170731706,
    "av": 0.4314024390243903,
    "excess": {
      "text": 0.8972274640626682,
      "av": 0.0
    }
  },
  "av_out": {
    "naive": 0.3196138211382114,
    "conf": 0.3196138211382114,
    "comp": 0.3224085365853659,
    "oracle": 0.3338414634146342,
    "text": 0.3338414634146342,
    "av": 0.43064024390243905,
    "excess": {
      "text": 0.09125168496086851,
      "av": 0.20384889522451877
    }
  }
}