{
  "res1": {
    "name": "Reddit climate (text + author/community tabular)",
    "natural": {
      "text": 0.30071431224742856,
      "tab": 0.3278335297279937,
      "naive": 0.28855451985795477,
      "conf": 0.28855451985795477,
      "comp": 0.2903773051082702,
      "early": 0.2908701698621129,
      "oracle": 0.2994137107192218,
      "dT": 0.584058236198822,
      "dX": 0.4947650597643056
    },
    "per_period": [
      {
        "text": 0.28058510638297873,
        "tab": 0.31155015197568386,
        "naive": 0.2627279635258359,
        "conf": 0.2627279635258359,
        "comp": 0.26861702127659576,
        "early": 0.2591185410334346,
        "oracle": 0.28058510638297873,
        "dT": 0.5715539708522286,
        "dX": 0.3510528606257819
      },
      {
        "text": 0.2879182528551393,
        "tab": 0.3283911039871769,
        "naive": 0.27709877780004005,
        "conf": 0.27709877780004005,
        "comp": 0.28170707273091566,
        "early": 0.28871969545181325,
        "oracle": 0.2879182528551393,
        "dT": 0.6020839618022757,
        "dX": 0.49070278075871254
      },
      {
        "text": 0.31409526906194113,
        "tab": 0.30889286294911394,
        "naive": 0.29068444155421885,
        "conf": 0.29068444155421885,
        "comp": 0.2890586896439603,
        "early": 0.29897577629653715,
        "oracle": 0.30889286294911394,
        "dT": 0.5449975520619552,
        "dX": 0.5035111838624013
      },
      {
        "text": 0.32025862068965516,
        "tab": 0.3625,
        "naive": 0.32370689655172413,
        "conf": 0.32370689655172413,
        "comp": 0.3221264367816092,
        "early": 0.31666666666666665,
        "oracle": 0.32025862068965516,
        "dT": 0.6175974600788285,
        "dX": 0.6337934138103267
      }
    ],
    "deg": {
      "clean": {
        "text": 0.2341867469879518,
        "tab": 0.2940512048192771,
        "naive": 0.22740963855421686,
        "conf": 0.22740963855421686,
        "comp": 0.25414156626506024,
        "early": 0.2082078313253012,
        "oracle": 0.2341867469879518,
        "dT": 0.4580782346409191,
        "dX": 0.015005867204296752
      },
      "text_out": {
        "text": 0.48004518072289154,
        "tab": 0.2940512048192771,
        "naive": 0.4495481927710843,
        "conf": 0.4495481927710843,
        "comp": 0.30948795180722893,
        "early": 0.4679969879518072,
        "oracle": 0.2940512048192771,
        "dT": 0.7983792340345102,
        "dX": 0.015005867204296752
      },
      "tab_out": {
        "text": 0.2341867469879518,
        "tab": 0.43448795180722893,
        "naive": 0.32981927710843373,
        "conf": 0.32981927710843373,
        "comp": 0.2398343373493976,
        "early": 0.3648343373493976,
        "oracle": 0.2341867469879518,
        "dT": 0.4580782346409191,
        "dX": 0.9932995739385873
      }
    }
  },
  "res2": {
    "name": "Telegram kiev1 (text + behavioural)",
    "natural": {
      "text": 0.45893364002404047,
      "tab": 0.5352155901662143,
      "naive": 0.49416160078063553,
      "conf": 0.49416160078063553,
      "comp": 0.494420247530002,
      "early": 0.4578631113945201,
      "oracle": 0.45893364002404047,
      "dT": 0.9990134067879591,
      "dX": 0.9967057924643069
    },
    "per_period": [
      {
        "text": 0.32516297262059973,
        "tab": 0.4076923076923077,
        "naive": 0.3539765319426336,
        "conf": 0.3539765319426336,
        "comp": 0.35410691003911343,
        "early": 0.318122555410691,
        "oracle": 0.32516297262059973,
        "dT": 0.9979007076766349,
        "dX": 0.9959942831992323
      },
      {
        "text": 0.46405310621242485,
        "tab": 0.5380761523046093,
        "naive": 0.5160320641282565,
        "conf": 0.5160320641282565,
        "comp": 0.5160320641282565,
        "early": 0.469814629258517,
        "oracle": 0.46405310621242485,
        "dT": 0.9992804545746767,
        "dX": 0.9977696564479677
      },
      {
        "text": 0.5338152292306169,
        "tab": 0.6323398356272898,
        "naive": 0.5875829290028716,
        "conf": 0.5875829290028716,
        "comp": 0.5879790078225567,
        "early": 0.5417368056243193,
        "oracle": 0.5338152292306169,
        "dT": 0.9995969556552315,
        "dX": 0.9965382694314353
      },
      {
        "text": 0.5127032520325203,
        "tab": 0.5627540650406504,
        "naive": 0.5190548780487805,
        "conf": 0.5190548780487805,
        "comp": 0.5195630081300813,
        "early": 0.5017784552845529,
        "oracle": 0.5127032520325203,
        "dT": 0.9992755092452934,
        "dX": 0.9965209607785925
      }
    ],
    "deg": {
      "clean": {
        "text": 0.2206486980356327,
        "tab": 0.34490634993147556,
        "naive": 0.2334399269072636,
        "conf": 0.2334399269072636,
        "comp": 0.2265874828688899,
        "early": 0.22201918684330746,
        "oracle": 0.2206486980356327,
        "dT": 0.5944701956058218,
        "dX": 0.7779155464911467
      },
      "text_out": {
        "text": 0.4901781635449977,
        "tab": 0.34490634993147556,
        "naive": 0.4801279122887163,
        "conf": 0.4801279122887163,
        "comp": 0.4824120603015075,
        "early": 0.4897213339424395,
        "oracle": 0.34490634993147556,
        "dT": 0.6451515713358673,
        "dX": 0.7779155464911467
      },
      "tab_out": {
        "text": 0.2206486980356327,
        "tab": 0.4531749657377798,
        "naive": 0.29282777523983555,
        "conf": 0.29282777523983555,
        "comp": 0.22978529008679763,
        "early": 0.27729556875285516,
        "oracle": 0.2206486980356327,
        "dT": 0.5944701956058218,
        "dX": 0.9847640678594605
      }
    }
  }
}