{
  "A": {
    "logreg__0__300": {
      "cover": 0.9055180979418027,
      "S": 0.14720437684212279,
      "acc": 0.7075053229240595
    },
    "logreg__0__600": {
      "cover": 0.8930092264017033,
      "S": 0.088398486430879,
      "acc": 0.7156671398154719
    },
    "logreg__0__1200": {
      "cover": 0.9004613200851668,
      "S": 0.06330802778632705,
      "acc": 0.7225869410929737
    },
    "logreg__0__2400": {
      "cover": 0.917583392476934,
      "S": 0.04660374786583188,
      "acc": 0.7368701206529453
    },
    "logreg__0__4000": {
      "cover": 0.9127927608232789,
      "S": 0.02852097098300871,
      "acc": 0.7352732434350604
    },
    "logreg__1__300": {
      "cover": 0.9022385449457853,
      "S": 0.16651868815874032,
      "acc": 0.6743616649178035
    },
    "logreg__1__600": {
      "cover": 0.9078349073102483,
      "S": 0.10084570672010379,
      "acc": 0.7035676810073452
    },
    "logreg__1__1200": {
      "cover": 0.9022385449457853,
      "S": 0.06190415713962688,
      "acc": 0.7199195522910109
    },
    "logreg__1__2400": {
      "cover": 0.9045995103182931,
      "S": 0.03589673343694205,
      "acc": 0.7265652325988108
    },
    "logreg__1__4000": {
      "cover": 0.909933543196922,
      "S": 0.02734927126234815,
      "acc": 0.7329485834207765
    },
    "logreg__2__300": {
      "cover": 0.8808684618638094,
      "S": 0.10392944716382563,
      "acc": 0.6652333286338643
    },
    "logreg__2__600": {
      "cover": 0.9086423234174539,
      "S": 0.0749404510603559,
      "acc": 0.6726349922458762
    },
    "logreg__2__1200": {
      "cover": 0.8872832369942196,
      "S": 0.06617612524165783,
      "acc": 0.689341604398703
    },
    "logreg__2__2400": {
      "cover": 0.8674044832933878,
      "S": 0.03231677561940571,
      "acc": 0.6895530805019033
    },
    "logreg__2__4000": {
      "cover": 0.8656421824333851,
      "S": 0.026402123106369746,
      "acc": 0.6903284928803046
    },
    "logreg__3__300": {
      "cover": 0.8703480358373535,
      "S": 0.13688574695316236,
      "acc": 0.6343900758097865
    },
    "logreg__3__600": {
      "cover": 0.8562198483804273,
      "S": 0.10078426173844768,
      "acc": 0.6641109579600276
    },
    "logreg__3__1200": {
      "cover": 0.8558752584424534,
      "S": 0.06822747418243147,
      "acc": 0.647053756030324
    },
    "logreg__3__2400": {
      "cover": 0.8446760854583046,
      "S": 0.037152488197006284,
      "acc": 0.6559269469331496
    },
    "logreg__3__4000": {
      "cover": 0.8503618194348725,
      "S": 0.025564672743269345,
      "acc": 0.6604927636113025
    },
    "logreg__4__300": {
      "cover": 0.8527944969905417,
      "S": 0.11344254209225169,
      "acc": 0.6130696474634566
    },
    "logreg__4__600": {
      "cover": 0.8196044711951849,
      "S": 0.09755772838297577,
      "acc": 0.6207222699914016
    },
    "logreg__4__1200": {
      "cover": 0.8240756663800516,
      "S": 0.05149761023330479,
      "acc": 0.6190885640584695
    },
    "logreg__4__2400": {
      "cover": 0.8021496130696475,
      "S": 0.03970442947695929,
      "acc": 0.619432502149613
    },
    "logreg__4__4000": {
      "cover": 0.803439380911436,
      "S": 0.025582836753548777,
      "acc": 0.6276010318142734
    },
    "mlp__0__300": {
      "cover": 0.89194464158978,
      "S": 0.22620555758476257,
      "acc": 0.7138928317955997
    },
    "mlp__0__600": {
      "cover": 0.9034776437189496,
      "S": 0.2460094392299652,
      "acc": 0.7359829666430092
    },
    "mlp__0__1200": {
      "cover": 0.9208658623136976,
      "S": 0.1379711925983429,
      "acc": 0.7884137686302342
    },
    "mlp__0__2400": {
      "cover": 0.9473917672107878,
      "S": 0.17043036222457886,
      "acc": 0.8536195883605394
    },
    "mlp__0__4000": {
      "cover": 0.9716997870830376,
      "S": 0.1466226577758789,
      "acc": 0.9300035486160397
    },
    "mlp__1__300": {
      "cover": 0.8811647429171039,
      "S": 0.2729988694190979,
      "acc": 0.6570479188527457
    },
    "mlp__1__600": {
      "cover": 0.8997901364113327,
      "S": 0.18625110387802124,
      "acc": 0.6922875131164743
    },
    "mlp__1__1200": {
      "cover": 0.9066981462049668,
      "S": 0.15078535676002502,
      "acc": 0.7103008044770899
    },
    "mlp__1__2400": {
      "cover": 0.8734697446659672,
      "S": 0.16042184829711914,
      "acc": 0.7074151801329136
    },
    "mlp__1__4000": {
      "cover": 0.8707590066456803,
      "S": 0.1554771065711975,
      "acc": 0.7248163693599161
    },
    "mlp__2__300": {
      "cover": 0.8707881009445932,
      "S": 0.17663562297821045,
      "acc": 0.6352742140138163
    },
    "mlp__2__600": {
      "cover": 0.8960947412942337,
      "S": 0.145216166973114,
      "acc": 0.6519808261666431
    },
    "mlp__2__1200": {
      "cover": 0.8665585788805865,
      "S": 0.28477248549461365,
      "acc": 0.6836317496122938
    },
    "mlp__2__2400": {
      "cover": 0.8678979275341887,
      "S": 0.16964533925056458,
      "acc": 0.6779218948258847
    },
    "mlp__2__4000": {
      "cover": 0.8510503313125617,
      "S": 0.14930564165115356,
      "acc": 0.6774284505850838
    },
    "mlp__3__300": {
      "cover": 0.8663852515506547,
      "S": 0.17948582768440247,
      "acc": 0.6249138525155065
    },
    "mlp__3__600": {
      "cover": 0.8526878015161957,
      "S": 0.192681223154068,
      "acc": 0.65618538938663
    },
    "mlp__3__1200": {
      "cover": 0.8574259131633357,
      "S": 0.18663939833641052,
      "acc": 0.6517918676774639
    },
    "mlp__3__2400": {
      "cover": 0.8573397656788422,
      "S": 0.1662728488445282,
      "acc": 0.6597174362508615
    },
    "mlp__3__4000": {
      "cover": 0.818487250172295,
      "S": 0.16935044527053833,
      "acc": 0.6666953824948312
    },
    "mlp__4__300": {
      "cover": 0.8678417884780739,
      "S": 0.17441123723983765,
      "acc": 0.6056749785038693
    },
    "mlp__4__600": {
      "cover": 0.826999140154772,
      "S": 0.22083717584609985,
      "acc": 0.6151332760103181
    },
    "mlp__4__1200": {
      "cover": 0.8256233877901977,
      "S": 0.14540359377861023,
      "acc": 0.6226139294926913
    },
    "mlp__4__2400": {
      "cover": 0.8285468615649183,
      "S": 0.171624094247818,
      "acc": 0.6272570937231299
    },
    "mlp__4__4000": {
      "cover": 0.7919174548581256,
      "S": 0.13847550749778748,
      "acc": 0.6215821152192605
    },
    "gbdt__0__300": {
      "cover": 0.8882185947480483,
      "S": 0.18129076921373344,
      "acc": 0.7055535841022001
    },
    "gbdt__0__600": {
      "cover": 0.8970901348474094,
      "S": 0.15203138829110685,
      "acc": 0.7389992902767921
    },
    "gbdt__0__1200": {
      "cover": 0.9082682753726047,
      "S": 0.2047367056383977,
      "acc": 0.7651703335699078
    },
    "gbdt__0__2400": {
      "cover": 0.9436657203690562,
      "S": 0.13135873859428843,
      "acc": 0.7817601135557133
    },
    "gbdt__0__4000": {
      "cover": 0.9384315117104329,
      "S": 0.11049751645104633,
      "acc": 0.7917849538679915
    },
    "gbdt__1__300": {
      "cover": 0.8893844001399092,
      "S": 0.36038948874983134,
      "acc": 0.6628191675410983
    },
    "gbdt__1__600": {
      "cover": 0.9009268975166143,
      "S": 0.2593039204703665,
      "acc": 0.6974466596712137
    },
    "gbdt__1__1200": {
      "cover": 0.885799230500175,
      "S": 0.12776821725674675,
      "acc": 0.7121371108779293
    },
    "gbdt__1__2400": {
      "cover": 0.897691500524659,
      "S": 0.11960913301356196,
      "acc": 0.7364463098985659
    },
    "gbdt__1__4000": {
      "cover": 0.8981287163343827,
      "S": 0.11434565968617488,
      "acc": 0.7399440363763554
    },
    "gbdt__2__300": {
      "cover": 0.8831946989990132,
      "S": 0.11725110673413386,
      "acc": 0.6707317073170731
    },
    "gbdt__2__600": {
      "cover": 0.9068095305230508,
      "S": 0.20772373626335283,
      "acc": 0.6803891160298886
    },