{
  "bc": {
    "logreg__0__40": {
      "cover": 0.9701492537313432,
      "S": 0.2518001773020086,
      "acc": 0.9502487562189055
    },
    "logreg__0__80": {
      "cover": 0.9651741293532338,
      "S": 0.1603638833343368,
      "acc": 0.9701492537313433
    },
    "logreg__0__150": {
      "cover": 0.9651741293532338,
      "S": 0.1541418244524735,
      "acc": 0.9701492537313433
    },
    "logreg__0__250": {
      "cover": 0.9502487562189055,
      "S": 0.21035370239027182,
      "acc": 0.9800995024875622
    },
    "logreg__1__40": {
      "cover": 0.900497512437811,
      "S": 0.22062531343554967,
      "acc": 0.9054726368159204
    },
    "logreg__1__80": {
      "cover": 0.8706467661691542,
      "S": 0.16473938401482494,
      "acc": 0.8955223880597015
    },
    "logreg__1__150": {
      "cover": 0.955223880597015,
      "S": 0.19617435978292022,
      "acc": 0.9800995024875622
    },
    "logreg__1__250": {
      "cover": 0.9303482587064676,
      "S": 0.1989716949917212,
      "acc": 0.9701492537313432
    },
    "logreg__2__40": {
      "cover": 0.8507462686567164,
      "S": 0.25697572749729125,
      "acc": 0.9054726368159204
    },
    "logreg__2__80": {
      "cover": 0.9651741293532338,
      "S": 0.1797175870267875,
      "acc": 0.9701492537313433
    },
    "logreg__2__150": {
      "cover": 0.955223880597015,
      "S": 0.2064170555478222,
      "acc": 0.9800995024875622
    },
    "logreg__2__250": {
      "cover": 0.9651741293532338,
      "S": 0.1987173709101312,
      "acc": 0.9751243781094527
    },
    "logreg__3__40": {
      "cover": 0.9452736318407959,
      "S": 0.19405318781459233,
      "acc": 0.9452736318407959
    },
    "logreg__3__80": {
      "cover": 0.9751243781094527,
      "S": 0.1967015363991349,
      "acc": 0.9800995024875622
    },
    "logreg__3__150": {
      "cover": 0.9452736318407959,
      "S": 0.18568449795989572,
      "acc": 0.9701492537313433
    },
    "logreg__3__250": {
      "cover": 0.9701492537313433,
      "S": 0.18066486314432306,
      "acc": 0.9850746268656717
    },
    "gbdt__0__40": {
      "cover": 0.9452736318407959,
      "S": 0.7487095844183251,
      "acc": 0.8805970149253731
    },
    "gbdt__0__80": {
      "cover": 0.9651741293532338,
      "S": 0.4163932552945093,
      "acc": 0.8905472636815922
    },
    "gbdt__0__150": {
      "cover": 0.9800995024875622,
      "S": 0.47635443166082475,
      "acc": 0.9502487562189055
    },
    "gbdt__0__250": {
      "cover": 0.8955223880597015,
      "S": 0.19860696664309796,
      "acc": 0.9701492537313433
    },
    "gbdt__1__40": {
      "cover": 0.9601990049751244,
      "S": 0.46322798751786687,
      "acc": 0.8308457711442786
    },
    "gbdt__1__80": {
      "cover": 0.955223880597015,
      "S": 0.7069964307422181,
      "acc": 0.8706467661691543
    },
    "gbdt__1__150": {
      "cover": 0.8407960199004975,
      "S": 0.13106048364113063,
      "acc": 0.7512437810945274
    },
    "gbdt__1__250": {
      "cover": 0.9154228855721392,
      "S": 0.6098455874553522,
      "acc": 0.945273631840796
    },
    "gbdt__2__40": {
      "cover": 0.3432835820895522,
      "S": 0.9030135316815079,
      "acc": 0.7263681592039801
    },
    "gbdt__2__80": {
      "cover": 0.7960199004975124,
      "S": 0.5627978697315413,
      "acc": 0.7810945273631841
    },
    "gbdt__2__150": {
      "cover": 0.8756218905472637,
      "S": 0.6512534214993514,
      "acc": 0.8805970149253731
    },
    "gbdt__2__250": {
      "cover": 0.8805970149253731,
      "S": 0.22244287967625018,
      "acc": 0.8009950248756219
    },
    "gbdt__3__40": {
      "cover": 0.6218905472636816,
      "S": 0.590055289603494,
      "acc": 0.5522388059701493
    },
    "gbdt__3__80": {
      "cover": 0.9402985074626865,
      "S": 0.6452859317065789,
      "acc": 0.8358208955223881
    },
    "gbdt__3__150": {
      "cover": 0.9203980099502488,
      "S": 0.6444705475847736,
      "acc": 0.8805970149253731
    },
    "gbdt__3__250": {
      "cover": 0.9054726368159204,
      "S": 0.38324794681326213,
      "acc": 0.955223880597015
    },
    "xgboost__0__40": {
      "cover": 0.9154228855721392,
      "S": 0.9016359572609266,
      "acc": 0.8457711442786069
    },
    "xgboost__0__80": {
      "cover": 0.9502487562189055,
      "S": 0.4941772222518921,
      "acc": 0.9203980099502488
    },
    "xgboost__0__150": {
      "cover": 0.9054726368159204,
      "S": 0.10460448265075684,
      "acc": 0.8955223880597014
    },
    "xgboost__0__250": {
      "cover": 0.8756218905472637,
      "S": 0.10101401805877686,
      "acc": 0.9601990049751244
    },
    "xgboost__1__40": {
      "cover": 0.7114427860696516,
      "S": 0.5763949056466421,
      "acc": 0.6915422885572139
    },
    "xgboost__1__80": {
      "cover": 0.7761194029850746,
      "S": 0.5930320769548416,
      "acc": 0.7512437810945274
    },
    "xgboost__1__150": {
      "cover": 0.9154228855721392,
      "S": 0.12731258074442545,
      "acc": 0.9253731343283582
    },
    "xgboost__1__250": {
      "cover": 0.8656716417910447,
      "S": 0.19191282987594604,
      "acc": 0.9303482587064676
    },
    "xgboost__2__40": {
      "cover": 0.6368159203980099,
      "S": 0.6697222739458084,
      "acc": 0.5572139303482587
    },
    "xgboost__2__80": {
      "cover": 0.7313432835820896,
      "S": 0.4236503740151723,
      "acc": 0.7562189054726368
    },
    "xgboost__2__150": {
      "cover": 0.8557213930348259,
      "S": 0.4504307111104329,
      "acc": 0.8606965174129354
    },
    "xgboost__2__250": {
      "cover": 0.8059701492537313,
      "S": 0.08238087097803752,
      "acc": 0.8855721393034827
    },
    "xgboost__3__40": {
      "cover": 0.6666666666666666,
      "S": 0.7082696035504341,
      "acc": 0.35323383084577115
    },
    "xgboost__3__80": {
      "cover": 0.855721393034826,
      "S": 0.5631857911745707,
      "acc": 0.7761194029850746
    },
    "xgboost__3__150": {
      "cover": 0.9154228855721392,
      "S": 0.153038223584493,
      "acc": 0.8407960199004975
    },
    "xgboost__3__250": {
      "cover": 0.7313432835820896,
      "S": 0.23713765541712442,
      "acc": 0.9154228855721392
    },
    "lgbm__0__40": {
      "cover": 0.8656716417910447,
      "S": 0.9944312805198708,
      "acc": 0.7611940298507461
    },
    "lgbm__0__80": {
      "cover": 0.9303482587064676,
      "S": 0.3370703473692116,
      "acc": 0.9303482587064676
    },
    "lgbm__0__150": {
      "cover": 0.8855721393034827,
      "S": 0.22484286049431193,
      "acc": 0.9253731343283582
    },
    "lgbm__0__250": {
      "cover": 0.8805970149253731,
      "S": 0.2783975180525114,
      "acc": 0.9651741293532338
    },
    "lgbm__1__40": {
      "cover": 0.7960199004975125,
      "S": 0.8997630493576745,
      "acc": 0.5223880597014925
    },
    "lgbm__1__80": {
      "cover": 0.8109452736318409,
      "S": 0.3236212006366264,
      "acc": 0.7711442786069651
    },
    "lgbm__1__150": {
      "cover": 0.8407960199004975,
      "S": 0.243806904291373,
      "acc": 0.8805970149253731
    },
    "lgbm__1__250": {
      "cover": 0.8308457711442786,
      "S": 0.17491485133170462,
      "acc": 0.9203980099502488
    },
    "lgbm__2__40": {
      "cover": 0.4029850746268657,
      "S": 0.8887714099072688,
      "acc": 0.10447761194029852
    },
    "lgbm__2__80": {
      "cover": 0.8457711442786069,
      "S": 0.3389231998946352,
      "acc": 0.8407960199004975
    },
    "lgbm__2__150": {
      "cover": 0.7064676616915423,
      "S": 0.40934025857062445,
      "acc": 0.8756218905472637
    },
    "lgbm__2__250": {
      "cover": 0.7661691542288557,
      "S": 0.2279986188636042,
      "acc": 0.8706467661691543
    },
    "lgbm__3__40": {
      "cover": 0.472636815920398,
      "S": 0.9610189636390957,
      "acc": 0.014925373134328358
    },
    "lgbm__3__80": {
      "cover": 0.8258706467661691,
      "S": 0.27680942173946427,
      "acc": 0.8009950248756219
    },