{
  "R2": [
    [
      0.8620017331326544,
      0.2317066370444888,
      -21.828239501645285
    ],
    [
      -6.4460327213024895,
      0.7029362593378526,
      -1.2548740434279426
    ],
    [
      -0.19770608350012964,
      -1.8758365709087923,
      0.5171830975487864
    ]
  ],
  "SP": [
    [
      0.9166023166023166,
      0.7359073359073359,
      -0.05173745173745174
    ],
    [
      0.8012870012870013,
      0.8687258687258689,
      0.1655083655083655
    ],
    [
      0.7963963963963965,
      0.8378378378378378,
      0.7701415701415701
    ]
  ],
  "names": [
    "Telegram",
    "Reddit",
    "WDBC"
  ],
  "loo": {
    "Telegram": {
      "r2": 0.3182722066038467,
      "sp": 0.7855855855855857,
      "slope": 0.8053006415801683
    },
    "Reddit": {
      "r2": -0.12076456411731296,
      "sp": 0.8486486486486489,
      "slope": 0.8155545509329366
    },
    "WDBC": {
      "r2": -34.022950092297684,
      "sp": -0.03938223938223938,
      "slope": -0.06622248251643621
    }
  },
  "coef": [
    0.7946892564619994,
    0.4287002613509749,
    -0.005134715187701587
  ],
  "intercept": -0.04298397823898187,
  "cells": {
    "Telegram": [
      [
        0.30777585569553717,
        0.3132293607971241,
        0.2456830643842144,
        0.2669742133901112
      ],
      [
        0.32570769056914023,
        0.33293641930472356,
        0.2456830643842144,
        0.2992666193517861
      ],
      [
        0.3574442431830267,
        0.37071906576701474,
        0.2456830643842144,
        0.3633782824698368
      ],
      [
        0.2615191680978875,
        0.2597876147923889,
        0.2456830643842144,
        0.21475041400520464
      ],
      [
        0.31085594430156194,
        0.3211930168512538,
        0.2456830643842144,
        0.26472675656493966
      ],
      [
        0.34734594880990294,
        0.3525835726414452,
        0.2456830643842144,
        0.34977525431748285
      ],
      [
        0.22537777138735549,
        0.1754462459766093,
        0.2456830643842144,
        0.16506978944878165
      ],
      [
        0.2880764880620858,
        0.2621651405563051,
        0.2456830643842144,
        0.20611544830849304
      ],
      [
        0.3251874062962029,
        0.3336965503802996,
        0.2456830643842144,
        0.2911048024603738
      ],
      [
        0.32514732355873704,
        0.3132293607971241,
        0.4396482444224765,
        0.2925848198670864
      ],
      [
        0.3409274608272548,
        0.33293641930472356,
        0.4396482444224765,
        0.31934242742217556
      ],
      [
        0.3679430307841538,
        0.37071906576701474,
        0.4396482444224765,
        0.38218491313979247
      ],
      [
        0.28214037412547316,
        0.2597876147923889,
        0.4396482444224765,
        0.27142357467646033
      ],
      [
        0.32689787736713766,
        0.3211930168512538,
        0.4396482444224765,
        0.3048851579806459
      ],
      [
        0.3577252861326295,
        0.3525835726414452,
        0.4396482444224765,
        0.3845750262329486
      ],
      [
        0.2467215558401846,
        0.1754462459766093,
        0.4396482444224765,
        0.24233414946951148
      ],
      [
        0.3053848532808126,
        0.2621651405563051,
        0.4396482444224765,
        0.282441413081497
      ],
      [
        0.3373014570151027,
        0.3336965503802996,
        0.4396482444224765,
        0.34312696747114374
      ],
      [
        0.33177602670575224,
        0.3132293607971241,
        0.7037262906357342,
        0.31218572301329944
      ],
      [
        0.3359812458469323,
        0.33293641930472356,
        0.7037262906357342,
        0.3194229052117111
      ],
      [
        0.369779667372572,
        0.37071906576701474,
        0.7037262906357342,
        0.39217068471262745
      ],
      [
        0.29568867325959575,
        0.2597876147923889,
        0.7037262906357342,
        0.30560646646928896
      ],
      [
        0.33229114117183256,
        0.3211930168512538,
        0.7037262906357342,
        0.3403825367733446
      ],
      [
        0.36011372127199376,
        0.3525835726414452,
        0.7037262906357342,
        0.39654119084543443
      ],
      [
        0.25709275215321853,
        0.1754462459766093,
        0.7037262906357342,
        0.27886648808684616
      ],
      [
        0.3117066592061691,
        0.2621651405563051,
        0.7037262906357342,
        0.31655622914610654
      ],
      [
        0.3384322595171287,
        0.3336965503802996,
        0.7037262906357342,
        0.3666055735701866
      ],
      [
        0.32901128887989267,
        0.3132293607971241,
        0.6372138341073472,
        0.3555019526763152
      ],
      [
        0.34041073062775346,
        0.33293641930472356,
        0.6372138341073472,
        0.3755456007351252
      ],
      [
        0.3695343416810946,
        0.37071906576701474,
        0.6372138341073472,
        0.41637950838502186
      ],
      [
        0.29187925571111245,
        0.2597876147923889,
        0.6372138341073472,
        0.328394210889042
      ],
      [
        0.3315458024081488,
        0.3211930168512538,
        0.6372138341073472,
        0.36578221915920056
      ],
      [
        0.3597583708366307,
        0.3525835726414452,
        0.6372138341073472,
        0.41758557316793016
      ],
      [
        0.2555490620499891,
        0.1754462459766093,
        0.6372138341073472,
        0.31173903055364116
      ],
      [
        0.30794822707297703,
        0.2621651405563051,
        0.6372138341073472,
        0.3444176430048243
      ],
      [
        0.33821191777707954,
        0.3336965503802996,
        0.6372138341073472,
        0.38909947162876174
      ]
    ],