{
  "domainA_n": 30066,
  "domainB_n": 36642,
  "A_label_mean": 0.4973391871216657,
  "B_label_mean": 0.49115768789913217,
  "A_drift_mag": {
    "1": -2.220446049250313e-16,
    "2": 0.008044456541354106,
    "3": 0.03669800426335268,
    "4": 0.016906532204364,
    "5": 0.013471761110720792
  },
  "A_envelope": {
    "1_300": {
      "acc": 0.7239472439082091,
      "cover": 0.9060208185474331,
      "stab": 0.32955112420987154,
      "confwrong": 0.013248166548379466
    },
    "1_600": {
      "acc": 0.7608528507215518,
      "cover": 0.9174059616749468,
      "stab": 0.28969688452470016,
      "confwrong": 0.022622427253371186
    },
    "1_1200": {
      "acc": 0.7911639460610361,
      "cover": 0.9262479299739766,
      "stab": 0.23816789461110388,
      "confwrong": 0.02782706411166312
    },
    "1_2400": {
      "acc": 0.8346049207475751,
      "cover": 0.9326945824461794,
      "stab": 0.17987638182755847,
      "confwrong": 0.02285900165602082
    },
    "1_4000": {
      "acc": 0.8672521883132246,
      "cover": 0.9529512656730542,
      "stab": 0.12769534934899762,
      "confwrong": 0.017358646794416847
    },
    "2_300": {
      "acc": 0.7109420543313513,
      "cover": 0.9105456453305352,
      "stab": 0.32955112420987154,
      "confwrong": 0.011571645097353388
    },
    "2_600": {
      "acc": 0.7272356301737205,
      "cover": 0.9127608720998017,
      "stab": 0.28969688452470016,
      "confwrong": 0.020257665850530487
    },
    "2_1200": {
      "acc": 0.7366211962224555,
      "cover": 0.9090591115774745,
      "stab": 0.23816789461110388,
      "confwrong": 0.0313337996968637
    },
    "2_2400": {
      "acc": 0.7518654541214875,
      "cover": 0.8900547977148188,
      "stab": 0.17987638182755847,
      "confwrong": 0.03786288912207065
    },
    "2_4000": {
      "acc": 0.763203917453655,
      "cover": 0.8909000816136178,
      "stab": 0.12769534934899762,
      "confwrong": 0.04494578523959427
    },
    "3_300": {
      "acc": 0.6833027867850933,
      "cover": 0.89372150946943,
      "stab": 0.32955112420987154,
      "confwrong": 0.014051412190422483
    },
    "3_600": {
      "acc": 0.6970957281827154,
      "cover": 0.9014051412190422,
      "stab": 0.28969688452470016,
      "confwrong": 0.023567836834437708
    },
    "3_1200": {
      "acc": 0.7005968325579209,
      "cover": 0.8915362564030266,
      "stab": 0.23816789461110388,
      "confwrong": 0.03792471450726068
    },
    "3_2400": {
      "acc": 0.7167630057803468,
      "cover": 0.8721039522533953,
      "stab": 0.17987638182755847,
      "confwrong": 0.048005075426476806
    },
    "3_4000": {
      "acc": 0.7274308003195639,
      "cover": 0.8656421824333851,
      "stab": 0.12769534934899762,
      "confwrong": 0.05714554255369143
    },
    "4_300": {
      "acc": 0.6355674247645302,
      "cover": 0.8637721111876867,
      "stab": 0.32955112420987154,
      "confwrong": 0.02466689639329198
    },
    "4_600": {
      "acc": 0.656013094417643,
      "cover": 0.8699172984148862,
      "stab": 0.28969688452470016,
      "confwrong": 0.039742706179646224
    },
    "4_1200": {
      "acc": 0.668762922122674,
      "cover": 0.8629680679990811,
      "stab": 0.23816789461110388,
      "confwrong": 0.05869515276820583
    },
    "4_2400": {
      "acc": 0.6819147714220078,
      "cover": 0.8388180565127498,
      "stab": 0.17987638182755847,
      "confwrong": 0.07087066390994717
    },
    "4_4000": {
      "acc": 0.6877728003675626,
      "cover": 0.832069836894096,
      "stab": 0.12769534934899762,
      "confwrong": 0.08476912474155755
    },
    "5_300": {
      "acc": 0.6097735740899971,
      "cover": 0.8433648609916883,
      "stab": 0.32955112420987154,
      "confwrong": 0.02906276870163371
    },
    "5_600": {
      "acc": 0.6235884207509316,
      "cover": 0.8477787331613643,
      "stab": 0.28969688452470016,
      "confwrong": 0.05242189739180281
    },
    "5_1200": {
      "acc": 0.6407280022929206,
      "cover": 0.8399254800802521,
      "stab": 0.23816789461110388,
      "confwrong": 0.07569504155918602
    },
    "5_2400": {
      "acc": 0.6524505588993982,
      "cover": 0.8151332760103182,
      "stab": 0.17987638182755847,
      "confwrong": 0.08999713384924048
    },
    "5_4000": {
      "acc": 0.6626827171109201,
      "cover": 0.8103181427343077,
      "stab": 0.12769534934899762,
      "confwrong": 0.10280882774433936
    }
  },
  "A_law_c": -0.16159609663710917,
  "A_law_ci": [
    -0.20913215816578207,
    -0.11846769909207956
  ],
  "B_law_c": -0.16326427565481635,
  "B_law_ci": [
    -0.20145813406736252,
    -0.13443494508439577
  ],
  "A_err_c": -0.03294780160997124,
  "A_err_ci": [
    -0.07021864875550035,
    0.005950191419579791
  ],
  "B_err_c": -0.031024509004744124,
  "B_err_ci": [
    -0.06784761921379025,
    -0.003282893092758441
  ],
  "C_err_c": 0.02517121395437048,
  "C_err_ci": [
    -0.09757138727155315,
    0.12573940353519886
  ],
  "A_drift_auc": {
    "1": 0.1976462704798453,
    "2": 0.4027179530292615,
    "3": 0.7457482530623951,
    "4": 0.6460763756670014,
    "5": 0.5715774611668012
  },
  "resC": {
    "40_0.0": 0.11066666666666666,
    "40_0.1": 0.1813333333333333,
    "40_0.2": 0.2513333333333333,
    "40_0.3": 0.30933333333333335,
    "70_0.0": 0.08333333333333333,
    "70_0.1": 0.13000000000000003,
    "70_0.2": 0.17533333333333334,
    "70_0.3": 0.21200000000000002,
    "120_0.0": 0.07133333333333333,
    "120_0.1": 0.10333333333333332,
    "120_0.2": 0.14866666666666667,
    "120_0.3": 0.2806666666666667,
    "200_0.0": 0.06533333333333334,
    "200_0.1": 0.09,
    "200_0.2": 0.16266666666666665,
    "200_0.3": 0.2066666666666667,
    "350_0.0": 0.05733333333333335,
    "350_0.1": 0.068,
    "350_0.2": 0.11733333333333336,
    "350_0.3": 0.21733333333333332
  },
  "ng_c": [
    40,
    70,
    120,
    200,
    350
  ],
  "rho_c": [
    0.0,
    0.1,
    0.2,
    0.3
  ]
}